Player,Time,Points
Dan Drayton,0:00,ERROR
Rosie Reeves,0:01,ERROR
Jimmie Turman,0:02,ERROR
Vicky Erickson,0:03,ERROR
Rajab Shammas,0:04,ERROR
Francesca Lombardi,0:05,ERROR
Niew Leekpai,0:06,ERROR
Jenny Norgaard,0:07,ERROR
Rodrigo Romani,0:08,ERROR
Nicholas Rose,0:09,ERROR
Jimmie Turman,0:10,ERROR
Dan Drayton,0:11,ERROR
Jenny Norgaard,0:12,ERROR
Rajab Shammas,0:13,ERROR
Jimmie Turman,0:14,ERROR
Dan Drayton,0:15,ERROR
Rosie Reeves,0:16,ERROR
Jimmie Turman,0:17,ERROR
Vicky Erickson,0:18,ERROR
Rajab Shammas,0:19,ERROR
Francesca Lombardi,0:20,ERROR
Niew Leekpai,0:21,ERROR
Jenny Norgaard,0:22,ERROR
Rodrigo Romani,0:23,ERROR
Nicholas Rose,0:24,ERROR
Jimmie Turman,0:25,ERROR
Dan Drayton,0:26,ERROR
Jenny Norgaard,0:27,ERROR
Rajab Shammas,0:28,ERROR
Jimmie Turman,0:29,ERROR
Dan Drayton,0:30,ERROR
Rosie Reeves,0:31,ERROR
Jimmie Turman,0:32,ERROR
Vicky Erickson,0:33,ERROR
Rajab Shammas,0:34,ERROR
Francesca Lombardi,0:35,ERROR
Niew Leekpai,0:36,ERROR
Jenny Norgaard,0:37,ERROR
Rodrigo Romani,0:38,ERROR
Nicholas Rose,0:39,ERROR
Jimmie Turman,0:40,ERROR
Dan Drayton,0:41,ERROR
Jenny Norgaard,0:42,ERROR
Rajab Shammas,0:43,ERROR
Jimmie Turman,0:44,ERROR
Dan Drayton,0:45,ERROR
Rosie Reeves,0:46,ERROR
Jimmie Turman,0:47,ERROR
Vicky Erickson,0:48,ERROR
Rajab Shammas,0:49,ERROR
Francesca Lombardi,0:50,ERROR
Niew Leekpai,0:51,ERROR
Jenny Norgaard,0:52,ERROR
Rodrigo Romani,0:53,ERROR
Nicholas Rose,0:54,ERROR
Jimmie Turman,0:55,ERROR
Dan Drayton,0:56,ERROR
Jenny Norgaard,0:57,ERROR
Rajab Shammas,0:58,ERROR
Jimmie Turman,0:59,ERROR
Dan Drayton,1:00,ERROR
Rosie Reeves,1:01,ERROR
Jimmie Turman,1:02,ERROR
Vicky Erickson,1:03,ERROR
Rajab Shammas,1:04,ERROR
Francesca Lombardi,1:05,ERROR
Niew Leekpai,1:06,ERROR
Jenny Norgaard,1:07,ERROR
Rodrigo Romani,1:08,ERROR
Nicholas Rose,1:09,ERROR
Jimmie Turman,1:10,ERROR
Dan Drayton,1:11,ERROR
Jenny Norgaard,1:12,ERROR
Rajab Shammas,1:13,ERROR
Jimmie Turman,1:14,ERROR
Dan Drayton,1:15,ERROR
Rosie Reeves,1:16,ERROR
Jimmie Turman,1:17,ERROR
Vicky Erickson,1:18,ERROR
Rajab Shammas,1:19,ERROR
Francesca Lombardi,1:20,ERROR
Niew Leekpai,1:21,ERROR
Jenny Norgaard,1:22,ERROR
Rodrigo Romani,1:23,ERROR
Nicholas Rose,1:24,ERROR
Jimmie Turman,1:25,ERROR
Dan Drayton,1:26,ERROR
Jenny Norgaard,1:27,ERROR
Rajab Shammas,1:28,ERROR
Jimmie Turman,1:29,ERROR
Dan Drayton,1:30,ERROR
Rosie Reeves,1:31,ERROR
Jimmie Turman,1:32,ERROR
Vicky Erickson,1:33,ERROR
Rajab Shammas,1:34,ERROR
Francesca Lombardi,1:35,ERROR
Niew Leekpai,1:36,ERROR
Jenny Norgaard,1:37,ERROR
Rodrigo Romani,1:38,ERROR
Nicholas Rose,1:39,ERROR
Jimmie Turman,1:40,ERROR
Dan Drayton,1:41,ERROR
Jenny Norgaard,1:42,ERROR
Rajab Shammas,1:43,ERROR
Jimmie Turman,1:44,ERROR
Dan Drayton,1:45,ERROR
Rosie Reeves,1:46,ERROR
Jimmie Turman,1:47,ERROR
Vicky Erickson,1:48,ERROR
Rajab Shammas,1:49,ERROR
Francesca Lombardi,1:50,ERROR
Niew Leekpai,1:51,ERROR
Jenny Norgaard,1:52,ERROR
Rodrigo Romani,1:53,ERROR
Nicholas Rose,1:54,ERROR
Jimmie Turman,1:55,ERROR
Dan Drayton,1:56,ERROR
Jenny Norgaard,1:57,ERROR
Rajab Shammas,1:58,ERROR
Jimmie Turman,1:59,ERROR
Dan Drayton,2:00,ERROR
Rosie Reeves,2:01,ERROR
Jimmie Turman,2:02,ERROR
Vicky Erickson,2:03,ERROR
Rajab Shammas,2:04,ERROR
Francesca Lombardi,2:05,ERROR
Niew Leekpai,2:06,ERROR
Jenny Norgaard,2:07,ERROR
Rodrigo Romani,2:08,ERROR
Nicholas Rose,2:09,ERROR
Jimmie Turman,2:10,ERROR
Dan Drayton,2:11,ERROR
Jenny Norgaard,2:12,ERROR
Rajab Shammas,2:13,ERROR
Jimmie Turman,2:14,ERROR
Dan Drayton,2:15,ERROR
Rosie Reeves,2:16,ERROR
Jimmie Turman,2:17,ERROR
Vicky Erickson,2:18,ERROR
Rajab Shammas,2:19,ERROR
Francesca Lombardi,2:20,ERROR
Niew Leekpai,2:21,ERROR
Jenny Norgaard,2:22,ERROR
Rodrigo Romani,2:23,ERROR
Nicholas Rose,2:24,ERROR
Jimmie Turman,2:25,ERROR
Dan Drayton,2:26,ERROR
Jenny Norgaard,2:27,ERROR
Rajab Shammas,2:28,ERROR
Jimmie Turman,2:29,ERROR
Dan Drayton,2:30,ERROR
Rosie Reeves,2:31,ERROR
Jimmie Turman,2:32,ERROR
Vicky Erickson,2:33,ERROR
Rajab Shammas,2:34,ERROR
Francesca Lombardi,2:35,ERROR
Niew Leekpai,2:36,ERROR
Jenny Norgaard,2:37,ERROR
Rodrigo Romani,2:38,ERROR
Nicholas Rose,2:39,ERROR
Jimmie Turman,2:40,ERROR
Dan Drayton,2:41,ERROR
Jenny Norgaard,2:42,ERROR
Rajab Shammas,2:43,ERROR
Jimmie Turman,2:44,ERROR
Dan Drayton,2:45,ERROR
Rosie Reeves,2:46,ERROR
Jimmie Turman,2:47,ERROR
Vicky Erickson,2:48,ERROR
Rajab Shammas,2:49,ERROR
Francesca Lombardi,2:50,ERROR
Niew Leekpai,2:51,ERROR
Jenny Norgaard,2:52,ERROR
Rodrigo Romani,2:53,ERROR
Nicholas Rose,2:54,ERROR
Jimmie Turman,2:55,ERROR
Dan Drayton,2:56,ERROR
Jenny Norgaard,2:57,ERROR
Rajab Shammas,2:58,ERROR
Jimmie Turman,2:59,ERROR
Dan Drayton,3:00,ERROR
Rosie Reeves,3:01,ERROR
Jimmie Turman,3:02,ERROR
Vicky Erickson,3:03,ERROR
Rajab Shammas,3:04,ERROR
Francesca Lombardi,3:05,ERROR
Niew Leekpai,3:06,ERROR
Jenny Norgaard,3:07,ERROR
Rodrigo Romani,3:08,ERROR
Nicholas Rose,3:09,ERROR
Jimmie Turman,3:10,ERROR
Dan Drayton,3:11,ERROR
Jenny Norgaard,3:12,ERROR
Rajab Shammas,3:13,ERROR
Jimmie Turman,3:14,ERROR
Dan Drayton,3:15,ERROR
Rosie Reeves,3:16,ERROR
Jimmie Turman,3:17,ERROR
Vicky Erickson,3:18,ERROR
Rajab Shammas,3:19,ERROR
Francesca Lombardi,3:20,ERROR
Niew Leekpai,3:21,ERROR
Jenny Norgaard,3:22,ERROR
Rodrigo Romani,3:23,ERROR
Nicholas Rose,3:24,ERROR
Jimmie Turman,3:25,ERROR
Dan Drayton,3:26,ERROR
Jenny Norgaard,3:27,ERROR
Rajab Shammas,3:28,ERROR
Jimmie Turman,3:29,ERROR
Dan Drayton,3:30,ERROR
Rosie Reeves,3:31,ERROR
Jimmie Turman,3:32,ERROR
Vicky Erickson,3:33,ERROR
Rajab Shammas,3:34,ERROR
Francesca Lombardi,3:35,ERROR
Niew Leekpai,3:36,ERROR
Jenny Norgaard,3:37,ERROR
Rodrigo Romani,3:38,ERROR
Nicholas Rose,3:39,ERROR
Jimmie Turman,3:40,ERROR
Dan Drayton,3:41,ERROR
Jenny Norgaard,3:42,ERROR
Rajab Shammas,3:43,ERROR
Jimmie Turman,3:44,ERROR
Dan Drayton,3:45,ERROR
Rosie Reeves,3:46,ERROR
Jimmie Turman,3:47,ERROR
Vicky Erickson,3:48,ERROR
Rajab Shammas,3:49,ERROR
Francesca Lombardi,3:50,ERROR
Niew Leekpai,3:51,ERROR
Jenny Norgaard,3:52,ERROR
Rodrigo Romani,3:53,ERROR
Nicholas Rose,3:54,ERROR
Jimmie Turman,3:55,ERROR
Dan Drayton,3:56,ERROR
Jenny Norgaard,3:57,ERROR
Rajab Shammas,3:58,ERROR
Jimmie Turman,3:59,ERROR
Dan Drayton,4:00,ERROR
Rosie Reeves,4:01,ERROR
Jimmie Turman,4:02,ERROR
Vicky Erickson,4:03,ERROR
Rajab Shammas,4:04,ERROR
Francesca Lombardi,4:05,ERROR
Niew Leekpai,4:06,ERROR
Jenny Norgaard,4:07,ERROR
Rodrigo Romani,4:08,ERROR
Nicholas Rose,4:09,ERROR
Jimmie Turman,4:10,ERROR
Dan Drayton,4:11,ERROR
Jenny Norgaard,4:12,ERROR
Rajab Shammas,4:13,ERROR
Jimmie Turman,4:14,ERROR
Dan Drayton,4:15,ERROR
Rosie Reeves,4:16,ERROR
Jimmie Turman,4:17,ERROR
Vicky Erickson,4:18,ERROR
Rajab Shammas,4:19,ERROR
Francesca Lombardi,4:20,ERROR
Niew Leekpai,4:21,ERROR
Jenny Norgaard,4:22,ERROR
Rodrigo Romani,4:23,ERROR
Nicholas Rose,4:24,ERROR
Jimmie Turman,4:25,ERROR
Dan Drayton,4:26,ERROR
Jenny Norgaard,4:27,ERROR
Rajab Shammas,4:28,ERROR
Jimmie Turman,4:29,ERROR
Dan Drayton,4:30,ERROR
Rosie Reeves,4:31,ERROR
Jimmie Turman,4:32,ERROR
Vicky Erickson,4:33,ERROR
Rajab Shammas,4:34,ERROR
Francesca Lombardi,4:35,ERROR
Niew Leekpai,4:36,ERROR
Jenny Norgaard,4:37,ERROR
Rodrigo Romani,4:38,ERROR
Nicholas Rose,4:39,ERROR
Jimmie Turman,4:40,ERROR
Dan Drayton,4:41,ERROR
Jenny Norgaard,4:42,ERROR
Rajab Shammas,4:43,ERROR
Jimmie Turman,4:44,ERROR
Dan Drayton,4:45,ERROR
Rosie Reeves,4:46,ERROR
Jimmie Turman,4:47,ERROR
Vicky Erickson,4:48,ERROR
Rajab Shammas,4:49,ERROR
Francesca Lombardi,4:50,ERROR
Niew Leekpai,4:51,ERROR
Jenny Norgaard,4:52,ERROR
Rodrigo Romani,4:53,ERROR
Nicholas Rose,4:54,ERROR
Jimmie Turman,4:55,ERROR
Dan Drayton,4:56,ERROR
Jenny Norgaard,4:57,ERROR
Rajab Shammas,4:58,ERROR
Jimmie Turman,4:59,ERROR
Dan Drayton,5:00,ERROR
Rosie Reeves,5:01,ERROR
Jimmie Turman,5:02,ERROR
Vicky Erickson,5:03,ERROR
Rajab Shammas,5:04,ERROR
Francesca Lombardi,5:05,ERROR
Niew Leekpai,5:06,ERROR
Jenny Norgaard,5:07,ERROR
Rodrigo Romani,5:08,ERROR
Nicholas Rose,5:09,ERROR
Jimmie Turman,5:10,ERROR
Dan Drayton,5:11,ERROR
Jenny Norgaard,5:12,ERROR
Rajab Shammas,5:13,ERROR
Jimmie Turman,5:14,ERROR
Dan Drayton,5:15,ERROR
Rosie Reeves,5:16,ERROR
Jimmie Turman,5:17,ERROR
Vicky Erickson,5:18,ERROR
Rajab Shammas,5:19,ERROR
Francesca Lombardi,5:20,ERROR
Niew Leekpai,5:21,ERROR
Jenny Norgaard,5:22,ERROR
Rodrigo Romani,5:23,ERROR
Nicholas Rose,5:24,ERROR
Jimmie Turman,5:25,ERROR
Dan Drayton,5:26,ERROR
Jenny Norgaard,5:27,ERROR
Rajab Shammas,5:28,ERROR
Jimmie Turman,5:29,ERROR
Dan Drayton,5:30,ERROR
Rosie Reeves,5:31,ERROR
Jimmie Turman,5:32,ERROR
Vicky Erickson,5:33,ERROR
Rajab Shammas,5:34,ERROR
Francesca Lombardi,5:35,ERROR
Niew Leekpai,5:36,ERROR
Jenny Norgaard,5:37,ERROR
Rodrigo Romani,5:38,ERROR
Nicholas Rose,5:39,ERROR
Jimmie Turman,5:40,ERROR
Dan Drayton,5:41,ERROR
Jenny Norgaard,5:42,ERROR
Rajab Shammas,5:43,ERROR
Jimmie Turman,5:44,ERROR
Dan Drayton,5:45,ERROR
Rosie Reeves,5:46,ERROR
Jimmie Turman,5:47,ERROR
Vicky Erickson,5:48,ERROR
Rajab Shammas,5:49,ERROR
Francesca Lombardi,5:50,ERROR
Niew Leekpai,5:51,ERROR
Jenny Norgaard,5:52,ERROR
Rodrigo Romani,5:53,ERROR
Nicholas Rose,5:54,ERROR
Jimmie Turman,5:55,ERROR
Dan Drayton,5:56,ERROR
Jenny Norgaard,5:57,ERROR
Rajab Shammas,5:58,ERROR
Jimmie Turman,5:59,ERROR
Dan Drayton,6:00,ERROR
Rosie Reeves,6:01,ERROR
Jimmie Turman,6:02,ERROR
Vicky Erickson,6:03,ERROR
Rajab Shammas,6:04,ERROR
Francesca Lombardi,6:05,ERROR
Niew Leekpai,6:06,ERROR
Jenny Norgaard,6:07,ERROR
Rodrigo Romani,6:08,ERROR
Nicholas Rose,6:09,ERROR
Jimmie Turman,6:10,ERROR
Dan Drayton,6:11,ERROR
Jenny Norgaard,6:12,ERROR
Rajab Shammas,6:13,ERROR
Jimmie Turman,6:14,ERROR
Dan Drayton,6:15,ERROR
Rosie Reeves,6:16,ERROR
Jimmie Turman,6:17,ERROR
Vicky Erickson,6:18,ERROR
Rajab Shammas,6:19,ERROR
Francesca Lombardi,6:20,ERROR
Niew Leekpai,6:21,ERROR
Jenny Norgaard,6:22,ERROR
Rodrigo Romani,6:23,ERROR
Nicholas Rose,6:24,ERROR
Jimmie Turman,6:25,ERROR
Dan Drayton,6:26,ERROR
Jenny Norgaard,6:27,ERROR
Rajab Shammas,6:28,ERROR
Jimmie Turman,6:29,ERROR
Dan Drayton,6:30,ERROR
Rosie Reeves,6:31,ERROR
Jimmie Turman,6:32,ERROR
Vicky Erickson,6:33,ERROR
Rajab Shammas,6:34,ERROR
Francesca Lombardi,6:35,ERROR
Niew Leekpai,6:36,ERROR
Jenny Norgaard,6:37,ERROR
Rodrigo Romani,6:38,ERROR
Nicholas Rose,6:39,ERROR
Jimmie Turman,6:40,ERROR
Dan Drayton,6:41,ERROR
Jenny Norgaard,6:42,ERROR
Rajab Shammas,6:43,ERROR
Jimmie Turman,6:44,ERROR
Dan Drayton,6:45,ERROR
Rosie Reeves,6:46,ERROR
Jimmie Turman,6:47,ERROR
Vicky Erickson,6:48,ERROR
Rajab Shammas,6:49,ERROR
Francesca Lombardi,6:50,ERROR
Niew Leekpai,6:51,ERROR
Jenny Norgaard,6:52,ERROR
Rodrigo Romani,6:53,ERROR
Nicholas Rose,6:54,ERROR
Jimmie Turman,6:55,ERROR
Dan Drayton,6:56,ERROR
Jenny Norgaard,6:57,ERROR
Rajab Shammas,6:58,ERROR
Jimmie Turman,6:59,ERROR
Dan Drayton,7:00,ERROR
Rosie Reeves,7:01,ERROR
Jimmie Turman,7:02,ERROR
Vicky Erickson,7:03,ERROR
Rajab Shammas,7:04,ERROR
Francesca Lombardi,7:05,ERROR
Niew Leekpai,7:06,ERROR
Jenny Norgaard,7:07,ERROR
Rodrigo Romani,7:08,ERROR
Nicholas Rose,7:09,ERROR
Jimmie Turman,7:10,ERROR
Dan Drayton,7:11,ERROR
Jenny Norgaard,7:12,ERROR
Rajab Shammas,7:13,ERROR
Jimmie Turman,7:14,ERROR
Dan Drayton,7:15,ERROR
Rosie Reeves,7:16,ERROR
Jimmie Turman,7:17,ERROR
Vicky Erickson,7:18,ERROR
Rajab Shammas,7:19,ERROR
Francesca Lombardi,7:20,ERROR
Niew Leekpai,7:21,ERROR
Jenny Norgaard,7:22,ERROR
Rodrigo Romani,7:23,ERROR
Nicholas Rose,7:24,ERROR
Jimmie Turman,7:25,ERROR
Dan Drayton,7:26,ERROR
Jenny Norgaard,7:27,ERROR
Rajab Shammas,7:28,ERROR
Jimmie Turman,7:29,ERROR
Dan Drayton,7:30,ERROR
Rosie Reeves,7:31,ERROR
Jimmie Turman,7:32,ERROR
Vicky Erickson,7:33,ERROR
Rajab Shammas,7:34,ERROR
Francesca Lombardi,7:35,ERROR
Niew Leekpai,7:36,ERROR
Jenny Norgaard,7:37,ERROR
Rodrigo Romani,7:38,ERROR
Nicholas Rose,7:39,ERROR
Jimmie Turman,7:40,ERROR
Dan Drayton,7:41,ERROR
Jenny Norgaard,7:42,ERROR
Rajab Shammas,7:43,ERROR
Jimmie Turman,7:44,ERROR
Dan Drayton,7:45,ERROR
Rosie Reeves,7:46,ERROR
Jimmie Turman,7:47,ERROR
Vicky Erickson,7:48,ERROR
Rajab Shammas,7:49,ERROR
Francesca Lombardi,7:50,ERROR
Niew Leekpai,7:51,ERROR
Jenny Norgaard,7:52,ERROR
Rodrigo Romani,7:53,ERROR
Nicholas Rose,7:54,ERROR
Jimmie Turman,7:55,ERROR
Dan Drayton,7:56,ERROR
Jenny Norgaard,7:57,ERROR
Rajab Shammas,7:58,ERROR
Jimmie Turman,7:59,ERROR
Dan Drayton,8:00,ERROR
Rosie Reeves,8:01,ERROR
Jimmie Turman,8:02,ERROR
Vicky Erickson,8:03,ERROR
Rajab Shammas,8:04,ERROR
Francesca Lombardi,8:05,ERROR
Niew Leekpai,8:06,ERROR
Jenny Norgaard,8:07,ERROR
Rodrigo Romani,8:08,ERROR
Nicholas Rose,8:09,ERROR
Jimmie Turman,8:10,ERROR
Dan Drayton,8:11,ERROR
Jenny Norgaard,8:12,ERROR
Rajab Shammas,8:13,ERROR
Jimmie Turman,8:14,ERROR
Dan Drayton,8:15,ERROR
Rosie Reeves,8:16,ERROR
Jimmie Turman,8:17,ERROR
Vicky Erickson,8:18,ERROR
Rajab Shammas,8:19,ERROR
Francesca Lombardi,8:20,ERROR
Niew Leekpai,8:21,ERROR
Jenny Norgaard,8:22,ERROR
Rodrigo Romani,8:23,ERROR
Nicholas Rose,8:24,ERROR
Jimmie Turman,8:25,ERROR
Dan Drayton,8:26,ERROR
Jenny Norgaard,8:27,ERROR
Rajab Shammas,8:28,ERROR
Jimmie Turman,8:29,ERROR
Dan Drayton,8:30,ERROR
Rosie Reeves,8:31,ERROR
Jimmie Turman,8:32,ERROR
Vicky Erickson,8:33,ERROR
Rajab Shammas,8:34,ERROR
Francesca Lombardi,8:35,ERROR
Niew Leekpai,8:36,ERROR
Jenny Norgaard,8:37,ERROR
Rodrigo Romani,8:38,ERROR
Nicholas Rose,8:39,ERROR
Jimmie Turman,8:40,ERROR
Dan Drayton,8:41,ERROR
Jenny Norgaard,8:42,ERROR
Rajab Shammas,8:43,ERROR
Jimmie Turman,8:44,ERROR
Dan Drayton,8:45,ERROR
Rosie Reeves,8:46,ERROR
Jimmie Turman,8:47,ERROR
Vicky Erickson,8:48,ERROR
Rajab Shammas,8:49,ERROR
Francesca Lombardi,8:50,ERROR
Niew Leekpai,8:51,ERROR
Jenny Norgaard,8:52,ERROR
Rodrigo Romani,8:53,ERROR
Nicholas Rose,8:54,ERROR
Jimmie Turman,8:55,ERROR
Dan Drayton,8:56,ERROR
Jenny Norgaard,8:57,ERROR
Rajab Shammas,8:58,ERROR
Jimmie Turman,8:59,ERROR
Dan Drayton,9:00,ERROR
Rosie Reeves,9:01,ERROR
Jimmie Turman,9:02,ERROR
Vicky Erickson,9:03,ERROR
Rajab Shammas,9:04,ERROR
Francesca Lombardi,9:05,ERROR
Niew Leekpai,9:06,ERROR
Jenny Norgaard,9:07,ERROR
Rodrigo Romani,9:08,ERROR
Nicholas Rose,9:09,ERROR
Jimmie Turman,9:10,ERROR
Dan Drayton,9:11,ERROR
Jenny Norgaard,9:12,ERROR
Rajab Shammas,9:13,ERROR
Jimmie Turman,9:14,ERROR
Dan Drayton,9:15,ERROR
Rosie Reeves,9:16,ERROR
Jimmie Turman,9:17,ERROR
Vicky Erickson,9:18,ERROR
Rajab Shammas,9:19,ERROR
Francesca Lombardi,9:20,ERROR
Niew Leekpai,9:21,ERROR
Jenny Norgaard,9:22,ERROR
Rodrigo Romani,9:23,ERROR
Nicholas Rose,9:24,ERROR
Jimmie Turman,9:25,ERROR
Dan Drayton,9:26,ERROR
Jenny Norgaard,9:27,ERROR
Rajab Shammas,9:28,ERROR
Jimmie Turman,9:29,ERROR
Dan Drayton,9:30,ERROR
Rosie Reeves,9:31,ERROR
Jimmie Turman,9:32,ERROR
Vicky Erickson,9:33,ERROR
Rajab Shammas,9:34,ERROR
Francesca Lombardi,9:35,ERROR
Niew Leekpai,9:36,ERROR
Jenny Norgaard,9:37,ERROR
Rodrigo Romani,9:38,ERROR
Nicholas Rose,9:39,ERROR
Jimmie Turman,9:40,ERROR
Dan Drayton,9:41,ERROR
Jenny Norgaard,9:42,ERROR
Rajab Shammas,9:43,ERROR
Jimmie Turman,9:44,ERROR
Dan Drayton,9:45,ERROR
Rosie Reeves,9:46,ERROR
Jimmie Turman,9:47,ERROR
Vicky Erickson,9:48,ERROR
Rajab Shammas,9:49,ERROR
Francesca Lombardi,9:50,ERROR
Niew Leekpai,9:51,ERROR
Jenny Norgaard,9:52,ERROR
Rodrigo Romani,9:53,ERROR
Nicholas Rose,9:54,ERROR
Jimmie Turman,9:55,ERROR
Dan Drayton,9:56,ERROR
Jenny Norgaard,9:57,ERROR
Rajab Shammas,9:58,ERROR
Jimmie Turman,9:59,ERROR
Dan Drayton,10:00,ERROR
Rosie Reeves,10:01,ERROR
Jimmie Turman,10:02,ERROR
Vicky Erickson,10:03,ERROR
Rajab Shammas,10:04,ERROR
Francesca Lombardi,10:05,ERROR
Niew Leekpai,10:06,ERROR
Jenny Norgaard,10:07,ERROR
Rodrigo Romani,10:08,ERROR
Nicholas Rose,10:09,ERROR
Jimmie Turman,10:10,ERROR
Dan Drayton,10:11,ERROR
Jenny Norgaard,10:12,ERROR
Rajab Shammas,10:13,ERROR
Jimmie Turman,10:14,ERROR
Dan Drayton,10:15,ERROR
Rosie Reeves,10:16,ERROR
Jimmie Turman,10:17,ERROR
Vicky Erickson,10:18,ERROR
Rajab Shammas,10:19,ERROR
Francesca Lombardi,10:20,ERROR
Niew Leekpai,10:21,ERROR
Jenny Norgaard,10:22,ERROR
Rodrigo Romani,10:23,ERROR
Nicholas Rose,10:24,ERROR
Jimmie Turman,10:25,ERROR
Dan Drayton,10:26,ERROR
Jenny Norgaard,10:27,ERROR
Rajab Shammas,10:28,ERROR
Jimmie Turman,10:29,ERROR
Dan Drayton,10:30,ERROR
Rosie Reeves,10:31,ERROR
Jimmie Turman,10:32,ERROR
Vicky Erickson,10:33,ERROR
Rajab Shammas,10:34,ERROR
Francesca Lombardi,10:35,ERROR
Niew Leekpai,10:36,ERROR
Jenny Norgaard,10:37,ERROR
Rodrigo Romani,10:38,ERROR
Nicholas Rose,10:39,ERROR
Jimmie Turman,10:40,ERROR
Dan Drayton,10:41,ERROR
Jenny Norgaard,10:42,ERROR
Rajab Shammas,10:43,ERROR
Jimmie Turman,10:44,ERROR
Dan Drayton,10:45,ERROR
Rosie Reeves,10:46,ERROR
Jimmie Turman,10:47,ERROR
Vicky Erickson,10:48,ERROR
Rajab Shammas,10:49,ERROR
Francesca Lombardi,10:50,ERROR
Niew Leekpai,10:51,ERROR
Jenny Norgaard,10:52,ERROR
Rodrigo Romani,10:53,ERROR
Nicholas Rose,10:54,ERROR
Jimmie Turman,10:55,ERROR
Dan Drayton,10:56,ERROR
Jenny Norgaard,10:57,ERROR
Rajab Shammas,10:58,ERROR
Jimmie Turman,10:59,ERROR
Dan Drayton,11:00,ERROR
Rosie Reeves,11:01,ERROR
Jimmie Turman,11:02,ERROR
Vicky Erickson,11:03,ERROR
Rajab Shammas,11:04,ERROR
Francesca Lombardi,11:05,ERROR
Niew Leekpai,11:06,ERROR
Jenny Norgaard,11:07,ERROR
Rodrigo Romani,11:08,ERROR
Nicholas Rose,11:09,ERROR
Jimmie Turman,11:10,ERROR
Dan Drayton,11:11,ERROR
Jenny Norgaard,11:12,ERROR
Rajab Shammas,11:13,ERROR
Jimmie Turman,11:14,ERROR
Dan Drayton,11:15,ERROR
Rosie Reeves,11:16,ERROR
Jimmie Turman,11:17,ERROR
Vicky Erickson,11:18,ERROR
Rajab Shammas,11:19,ERROR
Francesca Lombardi,11:20,ERROR
Niew Leekpai,11:21,ERROR
Jenny Norgaard,11:22,ERROR
Rodrigo Romani,11:23,ERROR
Nicholas Rose,11:24,ERROR
Jimmie Turman,11:25,ERROR
Dan Drayton,11:26,ERROR
Jenny Norgaard,11:27,ERROR
Rajab Shammas,11:28,ERROR
Jimmie Turman,11:29,ERROR
Dan Drayton,11:30,ERROR
Rosie Reeves,11:31,ERROR
Jimmie Turman,11:32,ERROR
Vicky Erickson,11:33,ERROR
Rajab Shammas,11:34,ERROR
Francesca Lombardi,11:35,ERROR
Niew Leekpai,11:36,ERROR
Jenny Norgaard,11:37,ERROR
Rodrigo Romani,11:38,ERROR
Nicholas Rose,11:39,ERROR
Jimmie Turman,11:40,ERROR
Dan Drayton,11:41,ERROR
Jenny Norgaard,11:42,ERROR
Rajab Shammas,11:43,ERROR
Jimmie Turman,11:44,ERROR
Dan Drayton,11:45,ERROR
Rosie Reeves,11:46,ERROR
Jimmie Turman,11:47,ERROR
Vicky Erickson,11:48,ERROR
Rajab Shammas,11:49,ERROR
Francesca Lombardi,11:50,ERROR
Niew Leekpai,11:51,ERROR
Jenny Norgaard,11:52,ERROR
Rodrigo Romani,11:53,ERROR
Nicholas Rose,11:54,ERROR
Jimmie Turman,11:55,ERROR
Dan Drayton,11:56,ERROR
Jenny Norgaard,11:57,ERROR
Rajab Shammas,11:58,ERROR
Jimmie Turman,11:59,ERROR
Dan Drayton,12:00,ERROR
Rosie Reeves,12:01,ERROR
Jimmie Turman,12:02,ERROR
Vicky Erickson,12:03,ERROR
Rajab Shammas,12:04,ERROR
Francesca Lombardi,12:05,ERROR
Niew Leekpai,12:06,ERROR
Jenny Norgaard,12:07,ERROR
Rodrigo Romani,12:08,ERROR
Nicholas Rose,12:09,ERROR
Jimmie Turman,12:10,ERROR
Dan Drayton,12:11,ERROR
Jenny Norgaard,12:12,ERROR
Rajab Shammas,12:13,ERROR
Jimmie Turman,12:14,ERROR
Dan Drayton,12:15,ERROR
Rosie Reeves,12:16,ERROR
Jimmie Turman,12:17,ERROR
Vicky Erickson,12:18,ERROR
Rajab Shammas,12:19,ERROR
Francesca Lombardi,12:20,ERROR
Niew Leekpai,12:21,ERROR
Jenny Norgaard,12:22,ERROR
Rodrigo Romani,12:23,ERROR
Nicholas Rose,12:24,ERROR
Jimmie Turman,12:25,ERROR
Dan Drayton,12:26,ERROR
Jenny Norgaard,12:27,ERROR
Rajab Shammas,12:28,ERROR
Jimmie Turman,12:29,ERROR
Dan Drayton,12:30,ERROR
Rosie Reeves,12:31,ERROR
Jimmie Turman,12:32,ERROR
Vicky Erickson,12:33,ERROR
Rajab Shammas,12:34,ERROR
Francesca Lombardi,12:35,ERROR
Niew Leekpai,12:36,ERROR
Jenny Norgaard,12:37,ERROR
Rodrigo Romani,12:38,ERROR
Nicholas Rose,12:39,ERROR
Jimmie Turman,12:40,ERROR
Dan Drayton,12:41,ERROR
Jenny Norgaard,12:42,ERROR
Rajab Shammas,12:43,ERROR
Jimmie Turman,12:44,ERROR
Dan Drayton,12:45,ERROR
Rosie Reeves,12:46,ERROR
Jimmie Turman,12:47,ERROR
Vicky Erickson,12:48,ERROR
Rajab Shammas,12:49,ERROR
Francesca Lombardi,12:50,ERROR
Niew Leekpai,12:51,ERROR
Jenny Norgaard,12:52,ERROR
Rodrigo Romani,12:53,ERROR
Nicholas Rose,12:54,ERROR
Jimmie Turman,12:55,ERROR
Dan Drayton,12:56,ERROR
Jenny Norgaard,12:57,ERROR
Rajab Shammas,12:58,ERROR
Jimmie Turman,12:59,ERROR
Dan Drayton,13:00,ERROR
Rosie Reeves,13:01,ERROR
Jimmie Turman,13:02,ERROR
Vicky Erickson,13:03,ERROR
Rajab Shammas,13:04,ERROR
Francesca Lombardi,13:05,ERROR
Niew Leekpai,13:06,ERROR
Jenny Norgaard,13:07,ERROR
Rodrigo Romani,13:08,ERROR
Nicholas Rose,13:09,ERROR
Jimmie Turman,13:10,ERROR
Dan Drayton,13:11,ERROR
Jenny Norgaard,13:12,ERROR
Rajab Shammas,13:13,ERROR
Jimmie Turman,13:14,ERROR
Dan Drayton,13:15,ERROR
Rosie Reeves,13:16,ERROR
Jimmie Turman,13:17,ERROR
Vicky Erickson,13:18,ERROR
Rajab Shammas,13:19,ERROR
Francesca Lombardi,13:20,ERROR
Niew Leekpai,13:21,ERROR
Jenny Norgaard,13:22,ERROR
Rodrigo Romani,13:23,ERROR
Nicholas Rose,13:24,ERROR
Jimmie Turman,13:25,ERROR
Dan Drayton,13:26,ERROR
Jenny Norgaard,13:27,ERROR
Rajab Shammas,13:28,ERROR
Jimmie Turman,13:29,ERROR
Dan Drayton,13:30,ERROR
Rosie Reeves,13:31,ERROR
Jimmie Turman,13:32,ERROR
Vicky Erickson,13:33,ERROR
Rajab Shammas,13:34,ERROR
Francesca Lombardi,13:35,ERROR
Niew Leekpai,13:36,ERROR
Jenny Norgaard,13:37,ERROR
Rodrigo Romani,13:38,ERROR
Nicholas Rose,13:39,ERROR
Jimmie Turman,13:40,ERROR
Dan Drayton,13:41,ERROR
Jenny Norgaard,13:42,ERROR
Rajab Shammas,13:43,ERROR
Jimmie Turman,13:44,ERROR
Dan Drayton,13:45,ERROR
Rosie Reeves,13:46,ERROR
Jimmie Turman,13:47,ERROR
Vicky Erickson,13:48,ERROR
Rajab Shammas,13:49,ERROR
Francesca Lombardi,13:50,ERROR
Niew Leekpai,13:51,ERROR
Jenny Norgaard,13:52,ERROR
Rodrigo Romani,13:53,ERROR
Nicholas Rose,13:54,ERROR
Jimmie Turman,13:55,ERROR
Dan Drayton,13:56,ERROR
Jenny Norgaard,13:57,ERROR
Rajab Shammas,13:58,ERROR
Jimmie Turman,13:59,ERROR
Dan Drayton,14:00,ERROR
Rosie Reeves,14:01,ERROR
Jimmie Turman,14:02,ERROR
Vicky Erickson,14:03,ERROR
Rajab Shammas,14:04,ERROR
Francesca Lombardi,14:05,ERROR
Niew Leekpai,14:06,ERROR
Jenny Norgaard,14:07,ERROR
Rodrigo Romani,14:08,ERROR
Nicholas Rose,14:09,ERROR
Jimmie Turman,14:10,ERROR
Dan Drayton,14:11,ERROR
Jenny Norgaard,14:12,ERROR
Rajab Shammas,14:13,ERROR
Jimmie Turman,14:14,ERROR
Dan Drayton,14:15,ERROR
Rosie Reeves,14:16,ERROR
Jimmie Turman,14:17,ERROR
Vicky Erickson,14:18,ERROR
Rajab Shammas,14:19,ERROR
Francesca Lombardi,14:20,ERROR
Niew Leekpai,14:21,ERROR
Jenny Norgaard,14:22,ERROR
Rodrigo Romani,14:23,ERROR
Nicholas Rose,14:24,ERROR
Jimmie Turman,14:25,ERROR
Dan Drayton,14:26,ERROR
Jenny Norgaard,14:27,ERROR
Rajab Shammas,14:28,ERROR
Jimmie Turman,14:29,ERROR
Dan Drayton,14:30,ERROR
Rosie Reeves,14:31,ERROR
Jimmie Turman,14:32,ERROR
Vicky Erickson,14:33,ERROR
Rajab Shammas,14:34,ERROR
Francesca Lombardi,14:35,ERROR
Niew Leekpai,14:36,ERROR
Jenny Norgaard,14:37,ERROR
Rodrigo Romani,14:38,ERROR
Nicholas Rose,14:39,ERROR
Jimmie Turman,14:40,ERROR
Dan Drayton,14:41,ERROR
Jenny Norgaard,14:42,ERROR
Rajab Shammas,14:43,ERROR
Jimmie Turman,14:44,ERROR
Dan Drayton,14:45,ERROR
Rosie Reeves,14:46,ERROR
Jimmie Turman,14:47,ERROR
Vicky Erickson,14:48,ERROR
Rajab Shammas,14:49,ERROR
Francesca Lombardi,14:50,ERROR
Niew Leekpai,14:51,ERROR
Jenny Norgaard,14:52,ERROR
Rodrigo Romani,14:53,ERROR
Nicholas Rose,14:54,ERROR
Jimmie Turman,14:55,ERROR
Dan Drayton,14:56,ERROR
Jenny Norgaard,14:57,ERROR
Rajab Shammas,14:58,ERROR
Jimmie Turman,14:59,ERROR
Dan Drayton,15:00,ERROR
Rosie Reeves,15:01,ERROR
Jimmie Turman,15:02,ERROR
Vicky Erickson,15:03,ERROR
Rajab Shammas,15:04,ERROR
Francesca Lombardi,15:05,ERROR
Niew Leekpai,15:06,ERROR
Jenny Norgaard,15:07,ERROR
Rodrigo Romani,15:08,ERROR
Nicholas Rose,15:09,ERROR
Jimmie Turman,15:10,ERROR
Dan Drayton,15:11,ERROR
Jenny Norgaard,15:12,ERROR
Rajab Shammas,15:13,ERROR
Jimmie Turman,15:14,ERROR
Dan Drayton,15:15,ERROR
Rosie Reeves,15:16,ERROR
Jimmie Turman,15:17,ERROR
Vicky Erickson,15:18,ERROR
Rajab Shammas,15:19,ERROR
Francesca Lombardi,15:20,ERROR
Niew Leekpai,15:21,ERROR
Jenny Norgaard,15:22,ERROR
Rodrigo Romani,15:23,ERROR
Nicholas Rose,15:24,ERROR
Jimmie Turman,15:25,ERROR
Dan Drayton,15:26,ERROR
Jenny Norgaard,15:27,ERROR
Rajab Shammas,15:28,ERROR
Jimmie Turman,15:29,ERROR
Dan Drayton,15:30,ERROR
Rosie Reeves,15:31,ERROR
Jimmie Turman,15:32,ERROR
Vicky Erickson,15:33,ERROR
Rajab Shammas,15:34,ERROR
Francesca Lombardi,15:35,ERROR
Niew Leekpai,15:36,ERROR
Jenny Norgaard,15:37,ERROR
Rodrigo Romani,15:38,ERROR
Nicholas Rose,15:39,ERROR
Jimmie Turman,15:40,ERROR
Dan Drayton,15:41,ERROR
Jenny Norgaard,15:42,ERROR
Rajab Shammas,15:43,ERROR
Jimmie Turman,15:44,ERROR
Dan Drayton,15:45,ERROR
Rosie Reeves,15:46,ERROR
Jimmie Turman,15:47,ERROR
Vicky Erickson,15:48,ERROR
Rajab Shammas,15:49,ERROR
Francesca Lombardi,15:50,ERROR
Niew Leekpai,15:51,ERROR
Jenny Norgaard,15:52,ERROR
Rodrigo Romani,15:53,ERROR
Nicholas Rose,15:54,ERROR
Jimmie Turman,15:55,ERROR
Dan Drayton,15:56,ERROR
Jenny Norgaard,15:57,ERROR
Rajab Shammas,15:58,ERROR
Jimmie Turman,15:59,ERROR
Dan Drayton,16:00,ERROR
Rosie Reeves,16:01,ERROR
Jimmie Turman,16:02,ERROR
Vicky Erickson,16:03,ERROR
Rajab Shammas,16:04,ERROR
Francesca Lombardi,16:05,ERROR
Niew Leekpai,16:06,ERROR
Jenny Norgaard,16:07,ERROR
Rodrigo Romani,16:08,ERROR
Nicholas Rose,16:09,ERROR
Jimmie Turman,16:10,ERROR
Dan Drayton,16:11,ERROR
Jenny Norgaard,16:12,ERROR
Rajab Shammas,16:13,ERROR
Jimmie Turman,16:14,ERROR
Dan Drayton,16:15,ERROR
Rosie Reeves,16:16,ERROR
Jimmie Turman,16:17,ERROR
Vicky Erickson,16:18,ERROR
Rajab Shammas,16:19,ERROR
Francesca Lombardi,16:20,ERROR
Niew Leekpai,16:21,ERROR
Jenny Norgaard,16:22,ERROR
Rodrigo Romani,16:23,ERROR
Nicholas Rose,16:24,ERROR
Jimmie Turman,16:25,ERROR
Dan Drayton,16:26,ERROR
Jenny Norgaard,16:27,ERROR
Rajab Shammas,16:28,ERROR
Jimmie Turman,16:29,ERROR
Dan Drayton,16:30,ERROR
Rosie Reeves,16:31,ERROR
Jimmie Turman,16:32,ERROR
Vicky Erickson,16:33,ERROR
Rajab Shammas,16:34,ERROR
Francesca Lombardi,16:35,ERROR
Niew Leekpai,16:36,ERROR
Jenny Norgaard,16:37,ERROR
Rodrigo Romani,16:38,ERROR
Nicholas Rose,16:39,ERROR
Jimmie Turman,16:40,ERROR
Dan Drayton,16:41,ERROR
Jenny Norgaard,16:42,ERROR
Rajab Shammas,16:43,ERROR
Jimmie Turman,16:44,ERROR
Dan Drayton,16:45,ERROR
Rosie Reeves,16:46,ERROR
Jimmie Turman,16:47,ERROR
Vicky Erickson,16:48,ERROR
Rajab Shammas,16:49,ERROR
Francesca Lombardi,16:50,ERROR
Niew Leekpai,16:51,ERROR
Jenny Norgaard,16:52,ERROR
Rodrigo Romani,16:53,ERROR
Nicholas Rose,16:54,ERROR
Jimmie Turman,16:55,ERROR
Dan Drayton,16:56,ERROR
Jenny Norgaard,16:57,ERROR
Rajab Shammas,16:58,ERROR
Jimmie Turman,16:59,ERROR
Dan Drayton,17:00,ERROR
Rosie Reeves,17:01,ERROR
Jimmie Turman,17:02,ERROR
Vicky Erickson,17:03,ERROR
Rajab Shammas,17:04,ERROR
Francesca Lombardi,17:05,ERROR
Niew Leekpai,17:06,ERROR
Jenny Norgaard,17:07,ERROR
Rodrigo Romani,17:08,ERROR
Nicholas Rose,17:09,ERROR
Jimmie Turman,17:10,ERROR
Dan Drayton,17:11,ERROR
Jenny Norgaard,17:12,ERROR
Rajab Shammas,17:13,ERROR
Jimmie Turman,17:14,ERROR
Dan Drayton,17:15,ERROR
Rosie Reeves,17:16,ERROR
Jimmie Turman,17:17,ERROR
Vicky Erickson,17:18,ERROR
Rajab Shammas,17:19,ERROR
Francesca Lombardi,17:20,ERROR
Niew Leekpai,17:21,ERROR
Jenny Norgaard,17:22,ERROR
Rodrigo Romani,17:23,ERROR
Nicholas Rose,17:24,ERROR
Jimmie Turman,17:25,ERROR
Dan Drayton,17:26,ERROR
Jenny Norgaard,17:27,ERROR
Rajab Shammas,17:28,ERROR
Jimmie Turman,17:29,ERROR
Dan Drayton,17:30,ERROR
Rosie Reeves,17:31,ERROR
Jimmie Turman,17:32,ERROR
Vicky Erickson,17:33,ERROR
Rajab Shammas,17:34,ERROR
Francesca Lombardi,17:35,ERROR
Niew Leekpai,17:36,ERROR
Jenny Norgaard,17:37,ERROR
Rodrigo Romani,17:38,ERROR
Nicholas Rose,17:39,ERROR
Jimmie Turman,17:40,ERROR
Dan Drayton,17:41,ERROR
Jenny Norgaard,17:42,ERROR
Rajab Shammas,17:43,ERROR
Jimmie Turman,17:44,ERROR
Dan Drayton,17:45,ERROR
Rosie Reeves,17:46,ERROR
Jimmie Turman,17:47,ERROR
Vicky Erickson,17:48,ERROR
Rajab Shammas,17:49,ERROR
Francesca Lombardi,17:50,ERROR
Niew Leekpai,17:51,ERROR
Jenny Norgaard,17:52,ERROR
Rodrigo Romani,17:53,ERROR
Nicholas Rose,17:54,ERROR
Jimmie Turman,17:55,ERROR
Dan Drayton,17:56,ERROR
Jenny Norgaard,17:57,ERROR
Rajab Shammas,17:58,ERROR
Jimmie Turman,17:59,ERROR
Dan Drayton,18:00,ERROR
Rosie Reeves,18:01,ERROR
Jimmie Turman,18:02,ERROR
Vicky Erickson,18:03,ERROR
Rajab Shammas,18:04,ERROR
Francesca Lombardi,18:05,ERROR
Niew Leekpai,18:06,ERROR
Jenny Norgaard,18:07,ERROR
Rodrigo Romani,18:08,ERROR
Nicholas Rose,18:09,ERROR
Jimmie Turman,18:10,ERROR
Dan Drayton,18:11,ERROR
Jenny Norgaard,18:12,ERROR
Rajab Shammas,18:13,ERROR
Jimmie Turman,18:14,ERROR
Dan Drayton,18:15,ERROR
Rosie Reeves,18:16,ERROR
Jimmie Turman,18:17,ERROR
Vicky Erickson,18:18,ERROR
Rajab Shammas,18:19,ERROR
Francesca Lombardi,18:20,ERROR
Niew Leekpai,18:21,ERROR
Jenny Norgaard,18:22,ERROR
Rodrigo Romani,18:23,ERROR
Nicholas Rose,18:24,ERROR
Jimmie Turman,18:25,ERROR
Dan Drayton,18:26,ERROR
Jenny Norgaard,18:27,ERROR
Rajab Shammas,18:28,ERROR
Jimmie Turman,18:29,ERROR
Dan Drayton,18:30,ERROR
Rosie Reeves,18:31,ERROR
Jimmie Turman,18:32,ERROR
Vicky Erickson,18:33,ERROR
Rajab Shammas,18:34,ERROR
Francesca Lombardi,18:35,ERROR
Niew Leekpai,18:36,ERROR
Jenny Norgaard,18:37,ERROR
Rodrigo Romani,18:38,ERROR
Nicholas Rose,18:39,ERROR
Jimmie Turman,18:40,ERROR
Dan Drayton,18:41,ERROR
Jenny Norgaard,18:42,ERROR
Rajab Shammas,18:43,ERROR
Jimmie Turman,18:44,ERROR
Dan Drayton,18:45,ERROR
Rosie Reeves,18:46,ERROR
Jimmie Turman,18:47,ERROR
Vicky Erickson,18:48,ERROR
Rajab Shammas,18:49,ERROR
Francesca Lombardi,18:50,ERROR
Niew Leekpai,18:51,ERROR
Jenny Norgaard,18:52,ERROR
Rodrigo Romani,18:53,ERROR
Nicholas Rose,18:54,ERROR
Jimmie Turman,18:55,ERROR
Dan Drayton,18:56,ERROR
Jenny Norgaard,18:57,ERROR
Rajab Shammas,18:58,ERROR
Jimmie Turman,18:59,ERROR
Dan Drayton,19:00,ERROR
Rosie Reeves,19:01,ERROR
Jimmie Turman,19:02,ERROR
Vicky Erickson,19:03,ERROR
Rajab Shammas,19:04,ERROR
Francesca Lombardi,19:05,ERROR
Niew Leekpai,19:06,ERROR
Jenny Norgaard,19:07,ERROR
Rodrigo Romani,19:08,ERROR
Nicholas Rose,19:09,ERROR
Jimmie Turman,19:10,ERROR
Dan Drayton,19:11,ERROR
Jenny Norgaard,19:12,ERROR
Rajab Shammas,19:13,ERROR
Jimmie Turman,19:14,ERROR
Dan Drayton,19:15,ERROR
Rosie Reeves,19:16,ERROR
Jimmie Turman,19:17,ERROR
Vicky Erickson,19:18,ERROR
Rajab Shammas,19:19,ERROR
Francesca Lombardi,19:20,ERROR
Niew Leekpai,19:21,ERROR
Jenny Norgaard,19:22,ERROR
Rodrigo Romani,19:23,ERROR
Nicholas Rose,19:24,ERROR
Jimmie Turman,19:25,ERROR
Dan Drayton,19:26,ERROR
Jenny Norgaard,19:27,ERROR
Rajab Shammas,19:28,ERROR
Jimmie Turman,19:29,ERROR
Dan Drayton,19:30,ERROR
Rosie Reeves,19:31,ERROR
Jimmie Turman,19:32,ERROR
Vicky Erickson,19:33,ERROR
Rajab Shammas,19:34,ERROR
Francesca Lombardi,19:35,ERROR
Niew Leekpai,19:36,ERROR
Jenny Norgaard,19:37,ERROR
Rodrigo Romani,19:38,ERROR
Nicholas Rose,19:39,ERROR
Jimmie Turman,19:40,ERROR
Dan Drayton,19:41,ERROR
Jenny Norgaard,19:42,ERROR
Rajab Shammas,19:43,ERROR
Jimmie Turman,19:44,ERROR
Dan Drayton,19:45,ERROR
Rosie Reeves,19:46,ERROR
Jimmie Turman,19:47,ERROR
Vicky Erickson,19:48,ERROR
Rajab Shammas,19:49,ERROR
Francesca Lombardi,19:50,ERROR
Niew Leekpai,19:51,ERROR
Jenny Norgaard,19:52,ERROR
Rodrigo Romani,19:53,ERROR
Nicholas Rose,19:54,ERROR
Jimmie Turman,19:55,ERROR
Dan Drayton,19:56,ERROR
Jenny Norgaard,19:57,ERROR
Rajab Shammas,19:58,ERROR
Jimmie Turman,19:59,ERROR
Dan Drayton,20:00,ERROR
Rosie Reeves,20:01,ERROR
Jimmie Turman,20:02,ERROR
Vicky Erickson,20:03,ERROR
Rajab Shammas,20:04,ERROR
Francesca Lombardi,20:05,ERROR
Niew Leekpai,20:06,ERROR
Jenny Norgaard,20:07,ERROR
Rodrigo Romani,20:08,ERROR
Nicholas Rose,20:09,ERROR
Jimmie Turman,20:10,ERROR
Dan Drayton,20:11,ERROR
Jenny Norgaard,20:12,ERROR
Rajab Shammas,20:13,ERROR
Jimmie Turman,20:14,ERROR
Dan Drayton,20:15,ERROR
Rosie Reeves,20:16,ERROR
Jimmie Turman,20:17,ERROR
Vicky Erickson,20:18,ERROR
Rajab Shammas,20:19,ERROR
Francesca Lombardi,20:20,ERROR
Niew Leekpai,20:21,ERROR
Jenny Norgaard,20:22,ERROR
Rodrigo Romani,20:23,ERROR
Nicholas Rose,20:24,ERROR
Jimmie Turman,20:25,ERROR
Dan Drayton,20:26,ERROR
Jenny Norgaard,20:27,ERROR
Rajab Shammas,20:28,ERROR
Jimmie Turman,20:29,ERROR
Dan Drayton,20:30,ERROR
Rosie Reeves,20:31,ERROR
Jimmie Turman,20:32,ERROR
Vicky Erickson,20:33,ERROR
Rajab Shammas,20:34,ERROR
Francesca Lombardi,20:35,ERROR
Niew Leekpai,20:36,ERROR
Jenny Norgaard,20:37,ERROR
Rodrigo Romani,20:38,ERROR
Nicholas Rose,20:39,ERROR
Jimmie Turman,20:40,ERROR
Dan Drayton,20:41,ERROR
Jenny Norgaard,20:42,ERROR
Rajab Shammas,20:43,ERROR
Jimmie Turman,20:44,ERROR
Dan Drayton,20:45,ERROR
Rosie Reeves,20:46,ERROR
Jimmie Turman,20:47,ERROR
Vicky Erickson,20:48,ERROR
Rajab Shammas,20:49,ERROR
Francesca Lombardi,20:50,ERROR
Niew Leekpai,20:51,ERROR
Jenny Norgaard,20:52,ERROR
Rodrigo Romani,20:53,ERROR
Nicholas Rose,20:54,ERROR
Jimmie Turman,20:55,ERROR
Dan Drayton,20:56,ERROR
Jenny Norgaard,20:57,ERROR
Rajab Shammas,20:58,ERROR
Jimmie Turman,20:59,ERROR
Dan Drayton,21:00,ERROR
Rosie Reeves,21:01,ERROR
Jimmie Turman,21:02,ERROR
Vicky Erickson,21:03,ERROR
Rajab Shammas,21:04,ERROR
Francesca Lombardi,21:05,ERROR
Niew Leekpai,21:06,ERROR
Jenny Norgaard,21:07,ERROR
Rodrigo Romani,21:08,ERROR
Nicholas Rose,21:09,ERROR
Jimmie Turman,21:10,ERROR
Dan Drayton,21:11,ERROR
Jenny Norgaard,21:12,ERROR
Rajab Shammas,21:13,ERROR
Jimmie Turman,21:14,ERROR
Dan Drayton,21:15,ERROR
Rosie Reeves,21:16,ERROR
Jimmie Turman,21:17,ERROR
Vicky Erickson,21:18,ERROR
Rajab Shammas,21:19,ERROR
Francesca Lombardi,21:20,ERROR
Niew Leekpai,21:21,ERROR
Jenny Norgaard,21:22,ERROR
Rodrigo Romani,21:23,ERROR
Nicholas Rose,21:24,ERROR
Jimmie Turman,21:25,ERROR
Dan Drayton,21:26,ERROR
Jenny Norgaard,21:27,ERROR
Rajab Shammas,21:28,ERROR
Jimmie Turman,21:29,ERROR
Dan Drayton,21:30,ERROR
Rosie Reeves,21:31,ERROR
Jimmie Turman,21:32,ERROR
Vicky Erickson,21:33,ERROR
Rajab Shammas,21:34,ERROR
Francesca Lombardi,21:35,ERROR
Niew Leekpai,21:36,ERROR
Jenny Norgaard,21:37,ERROR
Rodrigo Romani,21:38,ERROR
Nicholas Rose,21:39,ERROR
Jimmie Turman,21:40,ERROR
Dan Drayton,21:41,ERROR
Jenny Norgaard,21:42,ERROR
Rajab Shammas,21:43,ERROR
Jimmie Turman,21:44,ERROR
Dan Drayton,21:45,ERROR
Rosie Reeves,21:46,ERROR
Jimmie Turman,21:47,ERROR
Vicky Erickson,21:48,ERROR
Rajab Shammas,21:49,ERROR
Francesca Lombardi,21:50,ERROR
Niew Leekpai,21:51,ERROR
Jenny Norgaard,21:52,ERROR
Rodrigo Romani,21:53,ERROR
Nicholas Rose,21:54,ERROR
Jimmie Turman,21:55,ERROR
Dan Drayton,21:56,ERROR
Jenny Norgaard,21:57,ERROR
Rajab Shammas,21:58,ERROR
Jimmie Turman,21:59,ERROR
Dan Drayton,22:00,ERROR
Rosie Reeves,22:01,ERROR
Jimmie Turman,22:02,ERROR
Vicky Erickson,22:03,ERROR
Rajab Shammas,22:04,ERROR
Francesca Lombardi,22:05,ERROR
Niew Leekpai,22:06,ERROR
Jenny Norgaard,22:07,ERROR
Rodrigo Romani,22:08,ERROR
Nicholas Rose,22:09,ERROR
Jimmie Turman,22:10,ERROR
Dan Drayton,22:11,ERROR
Jenny Norgaard,22:12,ERROR
Rajab Shammas,22:13,ERROR
Jimmie Turman,22:14,ERROR
Dan Drayton,22:15,ERROR
Rosie Reeves,22:16,ERROR
Jimmie Turman,22:17,ERROR
Vicky Erickson,22:18,ERROR
Rajab Shammas,22:19,ERROR
Francesca Lombardi,22:20,ERROR
Niew Leekpai,22:21,ERROR
Jenny Norgaard,22:22,ERROR
Rodrigo Romani,22:23,ERROR
Nicholas Rose,22:24,ERROR
Jimmie Turman,22:25,ERROR
Dan Drayton,22:26,ERROR
Jenny Norgaard,22:27,ERROR
Rajab Shammas,22:28,ERROR
Jimmie Turman,22:29,ERROR
Dan Drayton,22:30,ERROR
Rosie Reeves,22:31,ERROR
Jimmie Turman,22:32,ERROR
Vicky Erickson,22:33,ERROR
Rajab Shammas,22:34,ERROR
Francesca Lombardi,22:35,ERROR
Niew Leekpai,22:36,ERROR
Jenny Norgaard,22:37,ERROR
Rodrigo Romani,22:38,ERROR
Nicholas Rose,22:39,ERROR
Jimmie Turman,22:40,ERROR
Dan Drayton,22:41,ERROR
Jenny Norgaard,22:42,ERROR
Rajab Shammas,22:43,ERROR
Jimmie Turman,22:44,ERROR
Dan Drayton,22:45,ERROR
Rosie Reeves,22:46,ERROR
Jimmie Turman,22:47,ERROR
Vicky Erickson,22:48,ERROR
Rajab Shammas,22:49,ERROR
Francesca Lombardi,22:50,ERROR
Niew Leekpai,22:51,ERROR
Jenny Norgaard,22:52,ERROR
Rodrigo Romani,22:53,ERROR
Nicholas Rose,22:54,ERROR
Jimmie Turman,22:55,ERROR
Dan Drayton,22:56,ERROR
Jenny Norgaard,22:57,ERROR
Rajab Shammas,22:58,ERROR
Jimmie Turman,22:59,ERROR
Dan Drayton,23:00,ERROR
Rosie Reeves,23:01,ERROR
Jimmie Turman,23:02,ERROR
Vicky Erickson,23:03,ERROR
Rajab Shammas,23:04,ERROR
Francesca Lombardi,23:05,ERROR
Niew Leekpai,23:06,ERROR
Jenny Norgaard,23:07,ERROR
Rodrigo Romani,23:08,ERROR
Nicholas Rose,23:09,ERROR
Jimmie Turman,23:10,ERROR
Dan Drayton,23:11,ERROR
Jenny Norgaard,23:12,ERROR
Rajab Shammas,23:13,ERROR
Jimmie Turman,23:14,ERROR
Dan Drayton,23:15,ERROR
Rosie Reeves,23:16,ERROR
Jimmie Turman,23:17,ERROR
Vicky Erickson,23:18,ERROR
Rajab Shammas,23:19,ERROR
Francesca Lombardi,23:20,ERROR
Niew Leekpai,23:21,ERROR
Jenny Norgaard,23:22,ERROR
Rodrigo Romani,23:23,ERROR
Nicholas Rose,23:24,ERROR
Jimmie Turman,23:25,ERROR
Dan Drayton,23:26,ERROR
Jenny Norgaard,23:27,ERROR
Rajab Shammas,23:28,ERROR
Jimmie Turman,23:29,ERROR
Dan Drayton,23:30,ERROR
Rosie Reeves,23:31,ERROR
Jimmie Turman,23:32,ERROR
Vicky Erickson,23:33,ERROR
Rajab Shammas,23:34,ERROR
Francesca Lombardi,23:35,ERROR
Niew Leekpai,23:36,ERROR
Jenny Norgaard,23:37,ERROR
Rodrigo Romani,23:38,ERROR
Nicholas Rose,23:39,ERROR
Jimmie Turman,23:40,ERROR
Dan Drayton,23:41,ERROR
Jenny Norgaard,23:42,ERROR
Rajab Shammas,23:43,ERROR
Jimmie Turman,23:44,ERROR
Dan Drayton,23:45,ERROR
Rosie Reeves,23:46,ERROR
Jimmie Turman,23:47,ERROR
Vicky Erickson,23:48,ERROR
Rajab Shammas,23:49,ERROR
Francesca Lombardi,23:50,ERROR
Niew Leekpai,23:51,ERROR
Jenny Norgaard,23:52,ERROR
Rodrigo Romani,23:53,ERROR
Nicholas Rose,23:54,ERROR
Jimmie Turman,23:55,ERROR
Dan Drayton,23:56,ERROR
Jenny Norgaard,23:57,ERROR
Rajab Shammas,23:58,ERROR
Jimmie Turman,23:59,ERROR
