{
  "name": "Summarize Logs - Hive",
  "properties": {
    "activities": [
      {
        "type": "HDInsightHive",
        "typeProperties": {
          "scriptPath": "adf-data/iislogs/SummarizeLogs.hql",
          "scriptLinkedService": "blob-store",
          "defines": {
            "log_folder": "wasb://adf-data@<storage_acct>.blob.core.windows.net/iislogs",
            "summary_folder": "wasb://adf-data@<storage_acct>.blob.core.windows.net/iislogs/summary/",
            "year": "$$Text.Format('{0:yyyy}',SliceStart)",
            "month": "$$Text.Format('{0:MM}',SliceStart)"
          }
        },
        "inputs": [
          {
            "name": "hive-iislog-txt"
          }
        ],
        "outputs": [
          {
            "name": "hive-summary"
          }
        ],
        "policy": {
          "timeout": "01:00:00",
          "concurrency": 2,
          "executionPriorityOrder": "OldestFirst",
          "retry": 2
        },
        "scheduler": {
          "frequency": "Month",
          "interval": 1
        },
        "name": "Hive script to summarize logs",
        "linkedServiceName": "hdi-cluster"
      },
      {
        "type": "Copy",
        "typeProperties": {
          "source": {
            "type": "BlobSource",
            "recursive": false
          },
          "sink": {
            "type": "SqlSink",
            "writeBatchSize": 0,
            "writeBatchTimeout": "00:00:00"
          },
          "translator": {
            "type": "TabularTranslator",
            "columnMappings": "log_date:log_date,requests:requests,bytes_in:bytes_in,bytes_out:bytes_out"
          }
        },
        "inputs": [
          {
            "name": "hive-summary"
          }
        ],
        "outputs": [
          {
            "name": "dbo-hivelogs"
          }
        ],
        "policy": {
          "timeout": "01:00:00",
          "concurrency": 2,
          "executionPriorityOrder": "OldestFirst",
          "retry": 2
        },
        "scheduler": {
          "frequency": "Month",
          "interval": 1
        },
        "name": "Copy summarized logs to SQL"
      }
    ],
    "start": "2016-01-01T00:00:00Z",
    "end": "2016-06-01T23:59:59Z",
    "pipelineMode": "Scheduled"
  }
}